symbol,name,ticktime,price,volume,prev_price,kind
sh603301,振德医疗,2025-09-16 09:25:01,36.21,258800,0.0,U
sh603301,振德医疗,2025-09-16 09:30:02,36.25,7000,36.21,E
sh603301,振德医疗,2025-09-16 09:30:05,36.04,85600,36.25,D
sh603301,振德医疗,2025-09-16 09:30:08,36.31,109800,36.04,U
sh603301,振德医疗,2025-09-16 09:30:11,36.31,75000,36.31,D
sh603301,振德医疗,2025-09-16 09:30:14,36.28,29100,36.31,D
sh603301,振德医疗,2025-09-16 09:30:17,36.22,29600,36.28,D
sh603301,振德医疗,2025-09-16 09:30:20,36.22,24100,36.22,U
sh603301,振德医疗,2025-09-16 09:30:23,36.37,31800,36.22,U
sh603301,振德医疗,2025-09-16 09:30:26,36.4,51900,36.37,U
sh603301,振德医疗,2025-09-16 09:30:29,36.4,38300,36.4,D
sh603301,振德医疗,2025-09-16 09:30:32,36.1,56100,36.4,D
sh603301,振德医疗,2025-09-16 09:30:35,36.22,35600,36.1,U
sh603301,振德医疗,2025-09-16 09:30:38,36.37,26900,36.22,U
sh603301,振德医疗,2025-09-16 09:30:41,36.21,36000,36.37,E
sh603301,振德医疗,2025-09-16 09:30:44,36.17,16700,36.21,D
sh603301,振德医疗,2025-09-16 09:30:47,36.16,41300,36.17,D
sh603301,振德医疗,2025-09-16 09:30:50,36.15,14400,36.16,E
sh603301,振德医疗,2025-09-16 09:30:53,36.13,65600,36.15,U
sh603301,振德医疗,2025-09-16 09:30:56,36.0,19100,36.13,D
sh603301,振德医疗,2025-09-16 09:30:59,36.0,33600,36.0,D
sh603301,振德医疗,2025-09-16 09:31:02,36.0,29200,36.0,D
sh603301,振德医疗,2025-09-16 09:31:05,35.98,24600,36.0,D
sh603301,振德医疗,2025-09-16 09:31:08,35.92,23200,35.98,E
sh603301,振德医疗,2025-09-16 09:31:11,35.8,15300,35.92,D
sh603301,振德医疗,2025-09-16 09:31:14,35.74,9200,35.8,D
sh603301,振德医疗,2025-09-16 09:31:17,35.79,43900,35.74,U
sh603301,振德医疗,2025-09-16 09:31:20,35.68,39400,35.79,D
sh603301,振德医疗,2025-09-16 09:31:23,35.66,52200,35.68,D
sh603301,振德医疗,2025-09-16 09:31:26,35.66,40600,35.66,D
sh603301,振德医疗,2025-09-16 09:31:29,35.62,24600,35.66,D
sh603301,振德医疗,2025-09-16 09:31:32,35.68,17400,35.62,U
sh603301,振德医疗,2025-09-16 09:31:35,35.8,18300,35.68,U
sh603301,振德医疗,2025-09-16 09:31:38,36.0,18200,35.8,U
sh603301,振德医疗,2025-09-16 09:31:41,36.01,22800,36.0,E
sh603301,振德医疗,2025-09-16 09:31:44,36.24,7800,36.01,E
sh603301,振德医疗,2025-09-16 09:31:50,36.33,11000,36.25,U
sh603301,振德医疗,2025-09-16 09:31:53,36.48,9900,36.33,U
sh603301,振德医疗,2025-09-16 09:31:56,36.8,13500,36.48,U
sh603301,振德医疗,2025-09-16 09:31:59,36.8,23500,36.8,U
sh603301,振德医疗,2025-09-16 09:32:02,36.5,9000,36.8,D
sh603301,振德医疗,2025-09-16 09:32:05,36.8,23500,36.5,E
sh603301,振德医疗,2025-09-16 09:32:08,36.6,18100,36.8,D
sh603301,振德医疗,2025-09-16 09:32:11,36.68,12100,36.6,D
sh603301,振德医疗,2025-09-16 09:32:14,36.8,16000,36.68,U
sh603301,振德医疗,2025-09-16 09:32:17,36.8,33100,36.8,D
sh603301,振德医疗,2025-09-16 09:32:20,36.68,47700,36.8,D
sh603301,振德医疗,2025-09-16 09:32:23,36.7,54000,36.68,U
sh603301,振德医疗,2025-09-16 09:32:26,36.89,11800,36.7,U
sh603301,振德医疗,2025-09-16 09:32:29,36.98,12200,36.89,U
sh603301,振德医疗,2025-09-16 09:32:32,37.14,11200,36.98,U
sh603301,振德医疗,2025-09-16 09:32:35,37.27,11309,37.14,U
sh603301,振德医疗,2025-09-16 09:32:38,37.4,17500,37.27,U
sh603301,振德医疗,2025-09-16 09:32:41,37.51,61400,37.4,U
sh603301,振德医疗,2025-09-16 09:32:44,37.6,7400,37.51,U
sh603301,振德医疗,2025-09-16 09:32:50,37.7,26400,37.7,E
sh603301,振德医疗,2025-09-16 09:32:53,37.68,15900,37.7,D
sh603301,振德医疗,2025-09-16 09:32:56,37.58,39200,37.68,D
sh603301,振德医疗,2025-09-16 09:32:59,37.51,16000,37.58,D
sh603301,振德医疗,2025-09-16 09:33:02,37.64,40000,37.51,U
sh603301,振德医疗,2025-09-16 09:33:05,37.56,12400,37.64,D
sh603301,振德医疗,2025-09-16 09:33:08,37.73,39800,37.56,U
sh603301,振德医疗,2025-09-16 09:33:11,37.77,12400,37.73,E
sh603301,振德医疗,2025-09-16 09:33:14,37.72,11900,37.77,U
sh603301,振德医疗,2025-09-16 09:33:17,37.75,21700,37.72,U
sh603301,振德医疗,2025-09-16 09:33:20,37.78,9200,37.75,D
sh603301,振德医疗,2025-09-16 09:33:23,37.81,13100,37.78,U
sh603301,振德医疗,2025-09-16 09:33:26,37.8,8900,37.81,D
sh603301,振德医疗,2025-09-16 09:33:29,37.82,22000,37.8,U
sh603301,振德医疗,2025-09-16 09:33:32,37.82,12600,37.82,D
sh603301,振德医疗,2025-09-16 09:33:35,37.82,12300,37.82,D
sh603301,振德医疗,2025-09-16 09:33:38,37.8,26628,37.82,E
sh603301,振德医疗,2025-09-16 09:33:41,37.67,64000,37.8,D
sh603301,振德医疗,2025-09-16 09:33:44,37.59,14772,37.67,D
sh603301,振德医疗,2025-09-16 09:33:47,37.59,17500,37.59,D
sh603301,振德医疗,2025-09-16 09:33:50,37.56,24000,37.59,D
sh603301,振德医疗,2025-09-16 09:33:53,37.62,19428,37.56,U
sh603301,振德医疗,2025-09-16 09:33:56,37.75,26800,37.62,U
sh603301,振德医疗,2025-09-16 09:33:59,37.77,8300,37.75,U
sh603301,振德医疗,2025-09-16 09:34:02,37.78,11700,37.77,D
sh603301,振德医疗,2025-09-16 09:34:05,37.96,17600,37.78,U
sh603301,振德医疗,2025-09-16 09:34:08,37.75,19700,37.96,D
sh603301,振德医疗,2025-09-16 09:34:11,37.89,5291,37.75,U
sh603301,振德医疗,2025-09-16 09:34:23,37.94,49600,37.98,D
sh603301,振德医疗,2025-09-16 09:34:26,37.98,71800,37.94,U
sh603301,振德医疗,2025-09-16 09:34:29,38.0,19600,37.98,U
sh603301,振德医疗,2025-09-16 09:34:32,38.08,6200,38.0,U
sh603301,振德医疗,2025-09-16 09:34:41,37.79,19000,37.99,D
sh603301,振德医疗,2025-09-16 09:34:44,37.99,23000,37.79,E
sh603301,振德医疗,2025-09-16 09:34:47,37.81,16300,37.99,D
sh603301,振德医疗,2025-09-16 09:34:53,37.81,13300,37.81,D
sh603301,振德医疗,2025-09-16 09:34:56,37.8,16300,37.81,D
sh603301,振德医疗,2025-09-16 09:35:02,37.64,62700,37.79,D
sh603301,振德医疗,2025-09-16 09:35:05,37.51,36900,37.64,D
sh603301,振德医疗,2025-09-16 09:35:08,37.6,10800,37.51,U
sh603301,振德医疗,2025-09-16 09:35:17,37.44,62900,37.5,D
sh603301,振德医疗,2025-09-16 09:35:23,37.23,11200,37.4,D
sh603301,振德医疗,2025-09-16 09:35:26,37.14,13000,37.23,D
sh603301,振德医疗,2025-09-16 09:35:29,37.28,35800,37.14,U
sh603301,振德医疗,2025-09-16 09:35:32,37.28,31100,37.28,D
sh603301,振德医疗,2025-09-16 09:35:35,37.31,14300,37.28,U
sh603301,振德医疗,2025-09-16 09:35:38,37.41,24400,37.31,U
sh603301,振德医疗,2025-09-16 09:35:41,37.41,13000,37.41,D
sh603301,振德医疗,2025-09-16 09:35:44,37.45,8000,37.41,E
sh603301,振德医疗,2025-09-16 09:35:47,37.48,10400,37.45,U
sh603301,振德医疗,2025-09-16 09:35:53,37.4,22100,37.48,D
sh603301,振德医疗,2025-09-16 09:35:59,37.5,37800,37.4,U
sh603301,振德医疗,2025-09-16 09:36:02,37.5,8600,37.5,D
sh603301,振德医疗,2025-09-16 09:36:05,37.51,7300,37.5,D
sh603301,振德医疗,2025-09-16 09:36:11,37.56,10200,37.54,U
sh603301,振德医疗,2025-09-16 09:36:20,37.8,22800,37.75,U
sh603301,振德医疗,2025-09-16 09:36:26,37.74,10900,37.81,D
sh603301,振德医疗,2025-09-16 09:36:29,37.81,24400,37.74,U
sh603301,振德医疗,2025-09-16 09:36:38,37.99,5500,37.83,U
sh603301,振德医疗,2025-09-16 09:36:41,38.0,12000,37.99,U
sh603301,振德医疗,2025-09-16 09:36:44,38.01,31097,38.0,U
sh603301,振德医疗,2025-09-16 09:36:47,38.0,17903,38.01,D
sh603301,振德医疗,2025-09-16 09:36:50,38.0,6700,38.0,U
sh603301,振德医疗,2025-09-16 09:36:53,38.0,17397,38.0,U
sh603301,振德医疗,2025-09-16 09:37:02,38.05,11500,38.03,D
sh603301,振德医疗,2025-09-16 09:37:05,38.08,12600,38.05,U
sh603301,振德医疗,2025-09-16 09:37:08,38.05,35300,38.08,D
sh603301,振德医疗,2025-09-16 09:37:11,38.05,33900,38.05,E
sh603301,振德医疗,2025-09-16 09:37:14,38.05,6300,38.05,E
sh603301,振德医疗,2025-09-16 09:37:17,38.03,10600,38.05,D
sh603301,振德医疗,2025-09-16 09:37:23,38.0,17600,38.01,D
sh603301,振德医疗,2025-09-16 09:37:29,38.0,19800,38.0,U
sh603301,振德医疗,2025-09-16 09:37:38,37.97,18500,37.91,U
sh603301,振德医疗,2025-09-16 09:37:41,37.99,13968,37.97,E
sh603301,振德医疗,2025-09-16 09:37:44,38.03,56300,37.99,U
sh603301,振德医疗,2025-09-16 09:37:47,37.8,68500,38.03,D
sh603301,振德医疗,2025-09-16 09:37:53,37.85,6900,38.0,D
sh603301,振德医疗,2025-09-16 09:37:56,37.8,8900,37.85,D
sh603301,振德医疗,2025-09-16 09:37:59,37.7,46800,37.8,D
sh603301,振德医疗,2025-09-16 09:38:02,37.67,7100,37.7,D
sh603301,振德医疗,2025-09-16 09:38:05,37.6,24300,37.67,D
sh603301,振德医疗,2025-09-16 09:38:26,37.69,5500,37.7,D
sh603301,振德医疗,2025-09-16 09:38:29,37.84,9700,37.69,U
sh603301,振德医疗,2025-09-16 09:38:32,37.81,12500,37.84,D
sh603301,振德医疗,2025-09-16 09:38:35,37.76,7300,37.81,D
sh603301,振德医疗,2025-09-16 09:38:38,37.79,9600,37.76,E
sh603301,振德医疗,2025-09-16 09:38:47,37.86,17100,37.81,U
sh603301,振德医疗,2025-09-16 09:38:50,37.82,7900,37.86,D
sh603301,振德医疗,2025-09-16 09:38:53,37.87,8900,37.82,U
sh603301,振德医疗,2025-09-16 09:38:56,37.87,16500,37.87,D
sh603301,振德医疗,2025-09-16 09:39:02,37.88,22900,37.85,U
sh603301,振德医疗,2025-09-16 09:39:05,37.87,10900,37.88,D
sh603301,振德医疗,2025-09-16 09:39:08,37.75,13800,37.87,D
sh603301,振德医疗,2025-09-16 09:39:14,37.66,6900,37.69,D
sh603301,振德医疗,2025-09-16 09:39:17,37.66,73200,37.66,D
sh603301,振德医疗,2025-09-16 09:39:20,37.66,21900,37.66,D
sh603301,振德医疗,2025-09-16 09:39:23,37.69,27000,37.66,U
sh603301,振德医疗,2025-09-16 09:39:26,37.7,8900,37.69,E
sh603301,振德医疗,2025-09-16 09:39:29,37.84,20900,37.7,U
sh603301,振德医疗,2025-09-16 09:39:32,37.84,14300,37.84,D
sh603301,振德医疗,2025-09-16 09:39:35,37.93,6100,37.84,U
sh603301,振德医疗,2025-09-16 09:39:41,37.84,9400,37.92,D
sh603301,振德医疗,2025-09-16 09:39:47,37.71,6200,37.84,D
sh603301,振德医疗,2025-09-16 09:39:50,37.7,7500,37.71,D
sh603301,振德医疗,2025-09-16 09:39:56,37.6,18600,37.69,D
sh603301,振德医疗,2025-09-16 09:40:02,37.63,34000,37.57,E
sh603301,振德医疗,2025-09-16 09:40:05,37.57,9700,37.63,D
sh603301,振德医疗,2025-09-16 09:40:08,37.55,24400,37.57,D
sh603301,振德医疗,2025-09-16 09:40:11,37.55,24400,37.55,D
sh603301,振德医疗,2025-09-16 09:40:17,37.5,8200,37.54,D
sh603301,振德医疗,2025-09-16 09:40:20,37.55,22800,37.5,U
sh603301,振德医疗,2025-09-16 09:40:23,37.62,68700,37.55,U
sh603301,振德医疗,2025-09-16 09:40:26,37.75,15300,37.62,U
sh603301,振德医疗,2025-09-16 09:40:32,37.59,15100,37.71,D
sh603301,振德医疗,2025-09-16 09:40:38,37.64,6800,37.63,E
sh603301,振德医疗,2025-09-16 09:40:41,37.62,6000,37.64,D
sh603301,振德医疗,2025-09-16 09:40:50,37.63,5900,37.62,U
sh603301,振德医疗,2025-09-16 09:40:53,37.63,13400,37.63,U
sh603301,振德医疗,2025-09-16 09:40:56,37.62,9200,37.63,D
sh603301,振德医疗,2025-09-16 09:41:08,37.59,8800,37.59,D
sh603301,振德医疗,2025-09-16 09:41:32,37.56,12000,37.57,D
sh603301,振德医疗,2025-09-16 09:41:56,37.52,61689,37.51,U
sh603301,振德医疗,2025-09-16 09:41:59,37.4,99711,37.52,D
sh603301,振德医疗,2025-09-16 09:42:02,37.38,22100,37.4,D
sh603301,振德医疗,2025-09-16 09:42:05,37.38,16000,37.38,D
sh603301,振德医疗,2025-09-16 09:42:08,37.39,27400,37.38,U
sh603301,振德医疗,2025-09-16 09:42:11,37.3,13900,37.39,D
sh603301,振德医疗,2025-09-16 09:42:14,37.28,11500,37.3,D
sh603301,振德医疗,2025-09-16 09:42:17,37.36,21200,37.28,U
sh603301,振德医疗,2025-09-16 09:42:20,37.35,28000,37.36,E
sh603301,振德医疗,2025-09-16 09:42:23,37.36,7200,37.35,E
sh603301,振德医疗,2025-09-16 09:42:26,37.35,15589,37.36,D
sh603301,振德医疗,2025-09-16 09:42:29,37.35,51300,37.35,D
sh603301,振德医疗,2025-09-16 09:42:32,37.35,10300,37.35,D
sh603301,振德医疗,2025-09-16 09:42:35,37.35,9900,37.35,U
sh603301,振德医疗,2025-09-16 09:42:38,37.33,11000,37.35,D
sh603301,振德医疗,2025-09-16 09:42:50,37.35,5400,37.35,D
sh603301,振德医疗,2025-09-16 09:43:02,37.28,9000,37.31,D
sh603301,振德医疗,2025-09-16 09:43:05,37.16,12900,37.28,D
sh603301,振德医疗,2025-09-16 09:43:14,37.17,8200,37.19,D
sh603301,振德医疗,2025-09-16 09:43:20,37.2,29100,37.1,U
sh603301,振德医疗,2025-09-16 09:43:23,37.27,14600,37.2,U
sh603301,振德医疗,2025-09-16 09:43:26,37.19,31900,37.27,D
sh603301,振德医疗,2025-09-16 09:43:41,37.0,27900,37.1,D
sh603301,振德医疗,2025-09-16 09:43:47,36.93,5500,36.98,D
sh603301,振德医疗,2025-09-16 09:43:53,36.88,6900,36.91,D
sh603301,振德医疗,2025-09-16 09:43:56,36.78,11500,36.88,D
sh603301,振德医疗,2025-09-16 09:43:59,36.82,8000,36.78,E
sh603301,振德医疗,2025-09-16 09:44:02,36.98,21000,36.82,U
sh603301,振德医疗,2025-09-16 09:44:05,36.98,17600,36.98,U
sh603301,振德医疗,2025-09-16 09:44:11,37.09,8000,37.14,D
sh603301,振德医疗,2025-09-16 09:44:14,37.14,9900,37.09,U
sh603301,振德医疗,2025-09-16 09:44:17,37.15,12000,37.14,U
sh603301,振德医疗,2025-09-16 09:44:20,37.17,5800,37.15,U
sh603301,振德医疗,2025-09-16 09:44:23,37.16,20900,37.17,E
sh603301,振德医疗,2025-09-16 09:44:26,37.16,9800,37.16,U
sh603301,振德医疗,2025-09-16 09:44:29,37.15,19700,37.16,E
sh603301,振德医疗,2025-09-16 09:44:32,37.14,38700,37.15,E
sh603301,振德医疗,2025-09-16 09:44:35,37.16,14100,37.14,U
sh603301,振德医疗,2025-09-16 09:44:38,37.16,5500,37.16,D
sh603301,振德医疗,2025-09-16 09:44:41,37.16,12500,37.16,D
sh603301,振德医疗,2025-09-16 09:44:44,37.16,6400,37.16,D
sh603301,振德医疗,2025-09-16 09:44:56,37.25,6500,37.25,D
sh603301,振德医疗,2025-09-16 09:45:23,37.16,5800,37.17,D
sh603301,振德医疗,2025-09-16 09:45:26,37.17,7000,37.16,E
sh603301,振德医疗,2025-09-16 09:45:29,37.14,14500,37.17,D
sh603301,振德医疗,2025-09-16 09:45:38,37.21,6200,37.17,U
sh603301,振德医疗,2025-09-16 09:45:44,37.17,7700,37.16,U
sh603301,振德医疗,2025-09-16 09:45:59,37.25,10800,37.24,U
sh603301,振德医疗,2025-09-16 09:46:02,37.25,6100,37.25,D
sh603301,振德医疗,2025-09-16 09:46:11,37.3,8700,37.29,U
sh603301,振德医疗,2025-09-16 09:46:26,37.32,26500,37.34,D
sh603301,振德医疗,2025-09-16 09:46:32,37.25,6900,37.27,D
sh603301,振德医疗,2025-09-16 09:46:50,37.12,7500,37.18,D
sh603301,振德医疗,2025-09-16 09:46:59,37.12,10000,37.11,D
sh603301,振德医疗,2025-09-16 09:47:05,37.11,5400,37.11,D
sh603301,振德医疗,2025-09-16 09:47:20,37.05,16200,37.07,D
sh603301,振德医疗,2025-09-16 09:47:26,37.08,25231,37.05,U
sh603301,振德医疗,2025-09-16 09:47:29,37.14,43600,37.08,U
sh603301,振德医疗,2025-09-16 09:47:32,37.15,6069,37.14,U
sh603301,振德医疗,2025-09-16 09:47:44,37.14,5600,37.15,D
sh603301,振德医疗,2025-09-16 09:48:23,37.27,6500,37.15,U
sh603301,振德医疗,2025-09-16 09:48:35,37.3,6000,37.35,E
sh603301,振德医疗,2025-09-16 09:49:14,37.3,7800,37.31,D
sh603301,振德医疗,2025-09-16 09:49:17,37.31,19100,37.3,U
sh603301,振德医疗,2025-09-16 09:49:20,37.35,10700,37.31,U
sh603301,振德医疗,2025-09-16 09:49:47,37.5,6000,37.5,U
sh603301,振德医疗,2025-09-16 09:49:53,37.49,5400,37.44,U
sh603301,振德医疗,2025-09-16 09:50:32,37.35,9700,37.33,E
sh603301,振德医疗,2025-09-16 09:51:56,37.41,7500,37.33,U
sh603301,振德医疗,2025-09-16 09:52:14,37.34,16300,37.46,D
sh603301,振德医疗,2025-09-16 09:52:17,37.29,9800,37.34,D
sh603301,振德医疗,2025-09-16 09:53:02,37.2,8200,37.17,U
sh603301,振德医疗,2025-09-16 09:53:26,37.22,14800,37.27,D
sh603301,振德医疗,2025-09-16 09:53:41,37.24,8700,37.25,D
sh603301,振德医疗,2025-09-16 09:53:50,37.17,30100,37.28,D
sh603301,振德医疗,2025-09-16 09:53:56,37.17,64300,37.17,U
sh603301,振德医疗,2025-09-16 09:55:08,37.16,8300,37.16,D
sh603301,振德医疗,2025-09-16 09:55:23,37.2,6100,37.15,U
sh603301,振德医疗,2025-09-16 09:55:26,37.22,9200,37.2,E
sh603301,振德医疗,2025-09-16 09:55:32,37.48,6700,37.4,U
sh603301,振德医疗,2025-09-16 09:55:35,37.5,6300,37.48,U
sh603301,振德医疗,2025-09-16 09:55:38,37.4,18900,37.5,D
sh603301,振德医疗,2025-09-16 09:55:41,37.4,7600,37.4,D
sh603301,振德医疗,2025-09-16 09:55:50,37.3,10400,37.39,D
sh603301,振德医疗,2025-09-16 09:56:05,37.3,6700,37.3,U
sh603301,振德医疗,2025-09-16 09:56:26,37.41,76000,37.3,U
sh603301,振德医疗,2025-09-16 09:57:17,37.41,12200,37.41,U
sh603301,振德医疗,2025-09-16 09:57:20,37.47,18100,37.41,U
sh603301,振德医疗,2025-09-16 09:57:29,37.55,5700,37.54,U
sh603301,振德医疗,2025-09-16 09:58:08,37.58,10900,37.57,U
sh603301,振德医疗,2025-09-16 09:58:26,37.5,9800,37.58,D
sh603301,振德医疗,2025-09-16 09:58:56,37.54,7800,37.5,U
sh603301,振德医疗,2025-09-16 09:58:59,37.59,10600,37.54,U
sh603301,振德医疗,2025-09-16 09:59:02,37.59,7900,37.59,U
sh603301,振德医疗,2025-09-16 09:59:05,37.6,14600,37.59,U
sh603301,振德医疗,2025-09-16 09:59:17,37.7,9600,37.6,U
sh603301,振德医疗,2025-09-16 09:59:26,37.76,14600,37.73,U
sh603301,振德医疗,2025-09-16 09:59:32,37.76,6300,37.76,D
sh603301,振德医疗,2025-09-16 09:59:35,37.78,6100,37.76,U
sh603301,振德医疗,2025-09-16 09:59:47,37.79,6000,37.77,U
sh603301,振德医疗,2025-09-16 10:00:02,37.73,5500,37.8,D
sh603301,振德医疗,2025-09-16 10:00:11,37.71,12300,37.71,D
sh603301,振德医疗,2025-09-16 10:00:23,37.71,10600,37.7,U
sh603301,振德医疗,2025-09-16 10:00:26,37.71,9100,37.71,U
sh603301,振德医疗,2025-09-16 10:00:29,37.71,14900,37.71,D
sh603301,振德医疗,2025-09-16 10:00:44,37.68,10000,37.68,E
sh603301,振德医疗,2025-09-16 10:01:02,37.68,21600,37.63,U
sh603301,振德医疗,2025-09-16 10:01:11,37.75,5300,37.7,U
sh603301,振德医疗,2025-09-16 10:01:20,37.84,12700,37.75,U
sh603301,振德医疗,2025-09-16 10:01:26,37.9,11200,37.91,E
sh603301,振德医疗,2025-09-16 10:01:29,37.85,13400,37.9,D
sh603301,振德医疗,2025-09-16 10:01:32,37.83,6300,37.85,D
sh603301,振德医疗,2025-09-16 10:01:44,37.84,9900,37.82,U
sh603301,振德医疗,2025-09-16 10:01:53,37.8,10800,37.82,D
sh603301,振德医疗,2025-09-16 10:01:56,37.84,6300,37.8,U
sh603301,振德医疗,2025-09-16 10:02:11,37.88,8400,37.87,U
sh603301,振德医疗,2025-09-16 10:02:32,37.9,7700,37.92,D
sh603301,振德医疗,2025-09-16 10:02:35,37.86,28900,37.9,D
sh603301,振德医疗,2025-09-16 10:02:38,37.73,24200,37.86,D
sh603301,振德医疗,2025-09-16 10:02:41,37.85,14300,37.73,U
sh603301,振德医疗,2025-09-16 10:03:41,37.78,19700,37.74,U
sh603301,振德医疗,2025-09-16 10:03:50,37.82,7200,37.87,D
sh603301,振德医疗,2025-09-16 10:03:56,37.8,6300,37.88,D
sh603301,振德医疗,2025-09-16 10:04:11,37.89,11800,37.86,U
sh603301,振德医疗,2025-09-16 10:04:26,37.9,9700,37.81,U
sh603301,振德医疗,2025-09-16 10:04:29,37.9,12300,37.9,D
sh603301,振德医疗,2025-09-16 10:04:32,37.91,9400,37.9,E
sh603301,振德医疗,2025-09-16 10:04:35,37.97,19300,37.91,U
sh603301,振德医疗,2025-09-16 10:05:05,37.98,8500,37.98,U
sh603301,振德医疗,2025-09-16 10:05:08,37.99,5600,37.98,U
sh603301,振德医疗,2025-09-16 10:05:11,37.98,18200,37.99,D
sh603301,振德医疗,2025-09-16 10:05:14,38.0,8300,37.98,U
sh603301,振德医疗,2025-09-16 10:05:20,37.92,21200,37.99,D
sh603301,振德医疗,2025-09-16 10:05:23,38.0,35700,37.92,U
sh603301,振德医疗,2025-09-16 10:05:53,37.99,48000,37.99,U
sh603301,振德医疗,2025-09-16 10:06:02,38.1,5800,38.08,U
sh603301,振德医疗,2025-09-16 10:06:05,38.16,23900,38.1,U
sh603301,振德医疗,2025-09-16 10:06:11,38.16,16100,38.16,U
sh603301,振德医疗,2025-09-16 10:06:14,38.16,10700,38.16,U
sh603301,振德医疗,2025-09-16 10:06:20,38.18,23700,38.19,D
sh603301,振德医疗,2025-09-16 10:06:23,38.18,11500,38.18,U
sh603301,振德医疗,2025-09-16 10:06:29,38.2,11600,38.19,U
sh603301,振德医疗,2025-09-16 10:06:32,38.2,9500,38.2,U
sh603301,振德医疗,2025-09-16 10:06:35,38.05,38600,38.2,D
sh603301,振德医疗,2025-09-16 10:06:38,38.16,9600,38.05,U
sh603301,振德医疗,2025-09-16 10:06:47,38.05,5800,38.09,D
sh603301,振德医疗,2025-09-16 10:06:50,38.01,7000,38.05,D
sh603301,振德医疗,2025-09-16 10:06:53,38.02,9500,38.01,U
sh603301,振德医疗,2025-09-16 10:07:02,38.02,5500,38.02,U
sh603301,振德医疗,2025-09-16 10:07:05,38.0,5600,38.02,E
sh603301,振德医疗,2025-09-16 10:07:08,37.99,5700,38.0,D
sh603301,振德医疗,2025-09-16 10:07:11,37.99,23300,37.99,D
sh603301,振德医疗,2025-09-16 10:07:14,37.94,11700,37.99,D
sh603301,振德医疗,2025-09-16 10:07:29,37.96,7500,37.98,D
sh603301,振德医疗,2025-09-16 10:07:38,37.96,11200,37.96,D
sh603301,振德医疗,2025-09-16 10:07:47,37.93,9000,37.91,E
sh603301,振德医疗,2025-09-16 10:07:50,37.91,6500,37.93,E
sh603301,振德医疗,2025-09-16 10:07:56,37.91,21700,37.91,D
sh603301,振德医疗,2025-09-16 10:07:59,37.9,5500,37.91,D
sh603301,振德医疗,2025-09-16 10:08:02,37.88,9600,37.9,D
sh603301,振德医疗,2025-09-16 10:08:05,37.9,15100,37.88,U
sh603301,振德医疗,2025-09-16 10:08:08,38.0,6600,37.9,U
sh603301,振德医疗,2025-09-16 10:08:35,37.95,5900,38.01,D
sh603301,振德医疗,2025-09-16 10:10:11,38.18,7500,38.17,U
sh603301,振德医疗,2025-09-16 10:10:20,38.14,8900,38.18,D
sh603301,振德医疗,2025-09-16 10:10:35,38.25,88500,38.15,U
sh603301,振德医疗,2025-09-16 10:10:38,38.28,12700,38.25,U
sh603301,振德医疗,2025-09-16 10:10:41,38.31,6300,38.28,U
sh603301,振德医疗,2025-09-16 10:10:44,38.34,5700,38.31,U
sh603301,振德医疗,2025-09-16 10:10:53,38.46,7500,38.4,U
sh603301,振德医疗,2025-09-16 10:10:56,38.48,11200,38.46,U
sh603301,振德医疗,2025-09-16 10:10:59,38.49,15400,38.48,U
sh603301,振德医疗,2025-09-16 10:11:02,38.48,28600,38.49,D
sh603301,振德医疗,2025-09-16 10:11:05,38.48,9400,38.48,U
sh603301,振德医疗,2025-09-16 10:11:08,38.47,11200,38.48,E
sh603301,振德医疗,2025-09-16 10:11:11,38.37,17500,38.47,D
sh603301,振德医疗,2025-09-16 10:11:14,38.4,15000,38.37,U
sh603301,振德医疗,2025-09-16 10:11:26,38.44,10300,38.39,U
sh603301,振德医疗,2025-09-16 10:11:32,38.39,5700,38.39,E
sh603301,振德医疗,2025-09-16 10:11:35,38.4,10200,38.39,U
sh603301,振德医疗,2025-09-16 10:11:41,38.39,5700,38.39,U
sh603301,振德医疗,2025-09-16 10:11:47,38.31,9200,38.35,D
sh603301,振德医疗,2025-09-16 10:11:56,38.31,10700,38.32,D
sh603301,振德医疗,2025-09-16 10:12:02,38.4,11500,38.32,U
sh603301,振德医疗,2025-09-16 10:12:14,38.46,8000,38.45,U
sh603301,振德医疗,2025-09-16 10:12:23,38.53,21100,38.49,U
sh603301,振德医疗,2025-09-16 10:12:29,38.53,9400,38.53,D
sh603301,振德医疗,2025-09-16 10:12:32,38.49,13300,38.53,D
sh603301,振德医疗,2025-09-16 10:12:35,38.49,15700,38.49,D
sh603301,振德医疗,2025-09-16 10:12:38,38.48,17000,38.49,U
sh603301,振德医疗,2025-09-16 10:12:56,38.49,13000,38.52,D
sh603301,振德医疗,2025-09-16 10:12:59,38.5,10000,38.49,U
sh603301,振德医疗,2025-09-16 10:13:02,38.42,18100,38.5,D
sh603301,振德医疗,2025-09-16 10:13:05,38.41,9000,38.42,D
sh603301,振德医疗,2025-09-16 10:13:11,38.33,5400,38.4,D
sh603301,振德医疗,2025-09-16 10:13:14,38.43,7200,38.33,U
sh603301,振德医疗,2025-09-16 10:13:23,38.17,15100,38.39,D
sh603301,振德医疗,2025-09-16 10:14:02,38.23,23300,38.25,D
sh603301,振德医疗,2025-09-16 10:14:29,38.24,25400,38.11,U
sh603301,振德医疗,2025-09-16 10:14:44,38.16,10200,38.15,E
sh603301,振德医疗,2025-09-16 10:14:59,38.24,9000,38.23,U
sh603301,振德医疗,2025-09-16 10:15:35,38.15,15000,38.18,D
sh603301,振德医疗,2025-09-16 10:16:44,38.17,13300,38.09,U
sh603301,振德医疗,2025-09-16 10:17:38,38.12,6800,38.12,D
sh603301,振德医疗,2025-09-16 10:17:41,38.09,6100,38.12,D
sh603301,振德医疗,2025-09-16 10:18:02,38.1,5400,38.11,D
sh603301,振德医疗,2025-09-16 10:18:08,38.18,14700,38.12,U
sh603301,振德医疗,2025-09-16 10:18:35,38.33,10400,38.23,U
sh603301,振德医疗,2025-09-16 10:18:38,38.35,6200,38.33,U
sh603301,振德医疗,2025-09-16 10:18:44,38.34,6400,38.35,D
sh603301,振德医疗,2025-09-16 10:18:47,38.34,8800,38.34,U
sh603301,振德医疗,2025-09-16 10:18:56,38.32,7600,38.38,D
sh603301,振德医疗,2025-09-16 10:19:56,38.2,6800,38.21,D
sh603301,振德医疗,2025-09-16 10:20:08,38.2,7100,38.21,D
sh603301,振德医疗,2025-09-16 10:20:11,38.21,6900,38.2,U
sh603301,振德医疗,2025-09-16 10:20:14,38.2,10600,38.21,D
sh603301,振德医疗,2025-09-16 10:21:02,38.19,9000,38.17,U
sh603301,振德医疗,2025-09-16 10:21:14,38.27,10500,38.19,U
sh603301,振德医疗,2025-09-16 10:21:20,38.37,7600,38.38,U
sh603301,振德医疗,2025-09-16 10:21:23,38.3,28900,38.37,D
sh603301,振德医疗,2025-09-16 10:21:38,38.28,9100,38.31,D
sh603301,振德医疗,2025-09-16 10:21:41,38.26,5600,38.28,D
sh603301,振德医疗,2025-09-16 10:21:56,38.3,5800,38.25,U
sh603301,振德医疗,2025-09-16 10:22:20,38.36,9400,38.36,U
sh603301,振德医疗,2025-09-16 10:22:23,38.24,19400,38.36,D
sh603301,振德医疗,2025-09-16 10:22:35,38.2,12600,38.24,D
sh603301,振德医疗,2025-09-16 10:23:14,38.36,11500,38.36,U
sh603301,振德医疗,2025-09-16 10:23:26,38.38,5400,38.35,U
sh603301,振德医疗,2025-09-16 10:23:32,38.37,11600,38.38,D
sh603301,振德医疗,2025-09-16 10:23:35,38.37,13800,38.37,U
sh603301,振德医疗,2025-09-16 10:23:41,38.36,5600,38.39,D
sh603301,振德医疗,2025-09-16 10:24:20,38.28,10900,38.29,D
sh603301,振德医疗,2025-09-16 10:24:35,38.21,18000,38.28,D
sh603301,振德医疗,2025-09-16 10:24:44,38.26,14000,38.26,D
sh603301,振德医疗,2025-09-16 10:24:56,38.26,6000,38.27,D
sh603301,振德医疗,2025-09-16 10:25:02,38.1,9500,38.23,D
sh603301,振德医疗,2025-09-16 10:25:08,38.12,13300,38.17,D
sh603301,振德医疗,2025-09-16 10:25:26,38.13,13200,38.11,U
sh603301,振德医疗,2025-09-16 10:25:38,38.13,12200,38.16,D
sh603301,振德医疗,2025-09-16 10:25:41,38.13,17200,38.13,D
sh603301,振德医疗,2025-09-16 10:25:47,37.96,77100,38.1,D
sh603301,振德医疗,2025-09-16 10:25:50,37.94,7700,37.96,D
sh603301,振德医疗,2025-09-16 10:27:02,37.99,14100,38.08,D
sh603301,振德医疗,2025-09-16 10:29:02,38.06,7800,38.06,D
sh603301,振德医疗,2025-09-16 10:29:44,38.1,10500,38.09,U
sh603301,振德医疗,2025-09-16 10:29:47,38.11,7100,38.1,U
sh603301,振德医疗,2025-09-16 10:30:11,38.1,7700,38.1,D
sh603301,振德医疗,2025-09-16 10:31:02,38.11,28000,38.08,U
sh603301,振德医疗,2025-09-16 10:31:05,38.12,31500,38.11,U
sh603301,振德医疗,2025-09-16 10:31:08,38.13,10400,38.12,U
sh603301,振德医疗,2025-09-16 10:31:11,38.14,33200,38.13,U
sh603301,振德医疗,2025-09-16 10:31:23,38.16,21700,38.18,D
sh603301,振德医疗,2025-09-16 10:31:35,38.2,7100,38.24,D
sh603301,振德医疗,2025-09-16 10:31:38,38.2,5600,38.2,U
sh603301,振德医疗,2025-09-16 10:31:44,38.24,17100,38.2,U
sh603301,振德医疗,2025-09-16 10:31:50,38.13,9200,38.2,D
sh603301,振德医疗,2025-09-16 10:32:17,38.12,6800,38.13,D
sh603301,振德医疗,2025-09-16 10:33:08,37.99,68200,38.06,D
sh603301,振德医疗,2025-09-16 10:33:11,37.95,45600,37.99,D
sh603301,振德医疗,2025-09-16 10:33:14,37.93,46700,37.95,D
sh603301,振德医疗,2025-09-16 10:33:17,37.91,5800,37.93,D
sh603301,振德医疗,2025-09-16 10:33:20,37.91,9100,37.91,D
sh603301,振德医疗,2025-09-16 10:33:44,37.88,5340,37.89,U
sh603301,振德医疗,2025-09-16 10:33:47,37.95,24400,37.88,U
sh603301,振德医疗,2025-09-16 10:33:50,38.0,7400,37.95,U
sh603301,振德医疗,2025-09-16 10:33:59,38.01,6100,37.95,U
sh603301,振德医疗,2025-09-16 10:34:29,38.09,6400,38.1,E
sh603301,振德医疗,2025-09-16 10:35:02,38.07,5400,38.07,D
sh603301,振德医疗,2025-09-16 10:35:11,38.08,10900,38.06,U
sh603301,振德医疗,2025-09-16 10:35:17,38.11,6600,38.09,U
sh603301,振德医疗,2025-09-16 10:35:20,38.08,5300,38.11,D
sh603301,振德医疗,2025-09-16 10:36:14,38.1,7100,38.1,U
sh603301,振德医疗,2025-09-16 10:36:44,38.1,5300,38.11,D
sh603301,振德医疗,2025-09-16 10:37:11,38.11,18200,38.1,U
sh603301,振德医疗,2025-09-16 10:37:17,38.13,15300,38.11,U
sh603301,振德医疗,2025-09-16 10:37:32,38.13,19900,38.13,U
sh603301,振德医疗,2025-09-16 10:37:38,38.14,10700,38.13,U
sh603301,振德医疗,2025-09-16 10:37:44,38.17,11200,38.15,U
sh603301,振德医疗,2025-09-16 10:38:02,38.15,5400,38.16,D
sh603301,振德医疗,2025-09-16 10:38:11,38.08,50900,38.14,D
sh603301,振德医疗,2025-09-16 10:38:17,38.08,9900,38.08,D
sh603301,振德医疗,2025-09-16 10:38:32,38.01,5500,38.01,D
sh603301,振德医疗,2025-09-16 10:38:44,38.01,7000,38.02,D
sh603301,振德医疗,2025-09-16 10:38:47,38.01,6000,38.01,D
sh603301,振德医疗,2025-09-16 10:38:50,38.0,31300,38.01,D
sh603301,振德医疗,2025-09-16 10:39:08,38.01,7600,38.0,U
sh603301,振德医疗,2025-09-16 10:39:56,38.11,10600,38.1,U
sh603301,振德医疗,2025-09-16 10:40:14,38.1,17300,38.11,D
sh603301,振德医疗,2025-09-16 10:40:23,38.09,13100,38.1,D
sh603301,振德医疗,2025-09-16 10:40:41,38.09,10600,38.08,U
sh603301,振德医疗,2025-09-16 10:40:50,38.11,8800,38.1,U
sh603301,振德医疗,2025-09-16 10:40:53,38.13,27200,38.11,U
sh603301,振德医疗,2025-09-16 10:40:56,38.14,20200,38.13,U
sh603301,振德医疗,2025-09-16 10:41:05,38.14,6600,38.14,U
sh603301,振德医疗,2025-09-16 10:41:14,38.13,12900,38.14,D
sh603301,振德医疗,2025-09-16 10:41:44,38.12,12600,38.13,D
sh603301,振德医疗,2025-09-16 10:42:11,38.11,6000,38.14,D
sh603301,振德医疗,2025-09-16 10:42:38,38.08,10800,38.08,D
sh603301,振德医疗,2025-09-16 10:42:59,38.12,5600,38.1,U
sh603301,振德医疗,2025-09-16 10:43:38,38.12,6400,38.12,U
sh603301,振德医疗,2025-09-16 10:43:47,38.08,16300,38.12,D
sh603301,振德医疗,2025-09-16 10:43:50,38.08,8600,38.08,D
sh603301,振德医疗,2025-09-16 10:44:11,38.08,5700,38.08,D
sh603301,振德医疗,2025-09-16 10:44:26,38.07,6100,38.09,D
sh603301,振德医疗,2025-09-16 10:44:44,38.06,17800,38.06,D
sh603301,振德医疗,2025-09-16 10:44:56,38.04,11000,38.04,D
sh603301,振德医疗,2025-09-16 10:45:53,38.09,5500,38.09,U
sh603301,振德医疗,2025-09-16 10:45:59,38.11,23900,38.1,U
sh603301,振德医疗,2025-09-16 10:46:02,38.12,6500,38.11,U
sh603301,振德医疗,2025-09-16 10:46:05,38.12,10300,38.12,U
sh603301,振德医疗,2025-09-16 10:46:08,38.15,49500,38.12,U
sh603301,振德医疗,2025-09-16 10:46:11,38.15,33600,38.15,U
sh603301,振德医疗,2025-09-16 10:46:14,38.17,25700,38.15,U
sh603301,振德医疗,2025-09-16 10:46:17,38.18,12000,38.17,U
sh603301,振德医疗,2025-09-16 10:46:20,38.19,22000,38.18,U
sh603301,振德医疗,2025-09-16 10:46:23,38.25,72000,38.19,U
sh603301,振德医疗,2025-09-16 10:46:26,38.3,27000,38.25,U
sh603301,振德医疗,2025-09-16 10:46:29,38.37,6300,38.3,U
sh603301,振德医疗,2025-09-16 10:46:32,38.4,5300,38.37,U
sh603301,振德医疗,2025-09-16 10:46:44,38.49,6600,38.45,U
sh603301,振德医疗,2025-09-16 10:46:47,38.5,6000,38.49,U
sh603301,振德医疗,2025-09-16 10:46:50,38.5,5600,38.5,U
sh603301,振德医疗,2025-09-16 10:46:56,38.5,24100,38.5,U
sh603301,振德医疗,2025-09-16 10:47:02,38.17,41900,38.51,D
sh603301,振德医疗,2025-09-16 10:47:05,38.18,8600,38.17,U
sh603301,振德医疗,2025-09-16 10:47:11,38.37,21600,38.32,U
sh603301,振德医疗,2025-09-16 10:47:17,38.37,9600,38.37,U
sh603301,振德医疗,2025-09-16 10:47:38,38.39,24500,38.39,D
sh603301,振德医疗,2025-09-16 10:47:44,38.38,19000,38.38,D
sh603301,振德医疗,2025-09-16 10:47:47,38.39,7600,38.38,U
sh603301,振德医疗,2025-09-16 10:48:05,38.38,6100,38.38,U
sh603301,振德医疗,2025-09-16 10:48:53,38.39,5600,38.38,U
sh603301,振德医疗,2025-09-16 10:49:14,38.36,51400,38.41,D
sh603301,振德医疗,2025-09-16 10:49:23,38.34,5400,38.36,D
sh603301,振德医疗,2025-09-16 10:50:17,38.26,6600,38.26,U
sh603301,振德医疗,2025-09-16 10:52:11,38.19,11100,38.21,D
sh603301,振德医疗,2025-09-16 10:52:56,38.09,75800,38.2,D
sh603301,振德医疗,2025-09-16 10:52:59,38.08,26700,38.09,D
sh603301,振德医疗,2025-09-16 10:53:20,38.0,41600,38.05,D
sh603301,振德医疗,2025-09-16 10:53:23,38.0,7300,38.0,D
sh603301,振德医疗,2025-09-16 10:54:14,38.06,5500,38.05,U
sh603301,振德医疗,2025-09-16 10:54:38,38.08,6500,38.08,D
sh603301,振德医疗,2025-09-16 10:54:41,38.13,21600,38.08,U
sh603301,振德医疗,2025-09-16 10:54:53,38.16,5500,38.14,U
sh603301,振德医疗,2025-09-16 10:57:23,38.21,7900,38.23,D
sh603301,振德医疗,2025-09-16 10:57:32,38.19,8800,38.2,D
sh603301,振德医疗,2025-09-16 10:59:02,38.2,7200,38.18,U
sh603301,振德医疗,2025-09-16 10:59:05,38.2,8800,38.2,U
sh603301,振德医疗,2025-09-16 10:59:47,38.22,8100,38.21,U
sh603301,振德医疗,2025-09-16 10:59:50,38.22,5500,38.22,D
sh603301,振德医疗,2025-09-16 11:00:17,38.23,5300,38.23,U
sh603301,振德医疗,2025-09-16 11:00:59,38.21,16500,38.23,D
sh603301,振德医疗,2025-09-16 11:01:53,38.16,9500,38.18,D
sh603301,振德医疗,2025-09-16 11:02:59,38.21,5600,38.21,U
sh603301,振德医疗,2025-09-16 11:03:11,38.21,6900,38.22,D
sh603301,振德医疗,2025-09-16 11:03:23,38.23,6900,38.23,U
sh603301,振德医疗,2025-09-16 11:04:17,38.21,9000,38.22,D
sh603301,振德医疗,2025-09-16 11:06:02,38.25,12000,38.25,U
sh603301,振德医疗,2025-09-16 11:06:32,38.25,11100,38.25,U
sh603301,振德医疗,2025-09-16 11:06:35,38.27,27700,38.25,U
sh603301,振德医疗,2025-09-16 11:06:38,38.28,14500,38.27,U
sh603301,振德医疗,2025-09-16 11:06:41,38.3,10100,38.28,U
sh603301,振德医疗,2025-09-16 11:06:44,38.36,8800,38.3,U
sh603301,振德医疗,2025-09-16 11:06:56,38.46,15700,38.45,U
sh603301,振德医疗,2025-09-16 11:07:26,38.47,7700,38.47,D
sh603301,振德医疗,2025-09-16 11:08:08,38.4,7200,38.4,U
sh603301,振德医疗,2025-09-16 11:08:17,38.41,6600,38.37,U
sh603301,振德医疗,2025-09-16 11:08:20,38.4,12200,38.41,D
sh603301,振德医疗,2025-09-16 11:08:32,38.4,6449,38.4,D
sh603301,振德医疗,2025-09-16 11:09:32,38.34,16700,38.31,U
sh603301,振德医疗,2025-09-16 11:10:26,38.34,7200,38.33,U
sh603301,振德医疗,2025-09-16 11:10:59,38.3,6400,38.31,D
sh603301,振德医疗,2025-09-16 11:11:17,38.31,17000,38.28,U
sh603301,振德医疗,2025-09-16 11:11:26,38.32,15900,38.32,U
sh603301,振德医疗,2025-09-16 11:11:29,38.33,9000,38.32,U
sh603301,振德医疗,2025-09-16 11:11:32,38.3,6200,38.33,D
sh603301,振德医疗,2025-09-16 11:12:56,38.3,9300,38.3,U
sh603301,振德医疗,2025-09-16 11:13:05,38.32,8900,38.32,U
sh603301,振德医疗,2025-09-16 11:13:38,38.3,9900,38.31,D
sh603301,振德医疗,2025-09-16 11:13:47,38.19,15200,38.24,D
sh603301,振德医疗,2025-09-16 11:15:38,38.29,7700,38.31,D
sh603301,振德医疗,2025-09-16 11:16:29,38.28,8400,38.3,D
sh603301,振德医疗,2025-09-16 11:16:56,38.32,8400,38.32,U
sh603301,振德医疗,2025-09-16 11:17:14,38.26,21100,38.32,D
sh603301,振德医疗,2025-09-16 11:17:26,38.28,7100,38.29,D
sh603301,振德医疗,2025-09-16 11:17:41,38.29,8500,38.27,U
sh603301,振德医疗,2025-09-16 11:18:02,38.34,7100,38.33,U
sh603301,振德医疗,2025-09-16 11:18:50,38.35,13100,38.33,U
sh603301,振德医疗,2025-09-16 11:19:29,38.36,16800,38.35,U
sh603301,振德医疗,2025-09-16 11:19:32,38.37,19600,38.36,U
sh603301,振德医疗,2025-09-16 11:19:38,38.39,7300,38.38,U
sh603301,振德医疗,2025-09-16 11:20:44,38.4,10700,38.4,D
sh603301,振德医疗,2025-09-16 11:21:02,38.41,5300,38.41,U
sh603301,振德医疗,2025-09-16 11:21:38,38.41,9500,38.4,U
sh603301,振德医疗,2025-09-16 11:21:41,38.42,6100,38.41,U
sh603301,振德医疗,2025-09-16 11:21:44,38.43,5600,38.42,U
sh603301,振德医疗,2025-09-16 11:21:47,38.44,28600,38.43,U
sh603301,振德医疗,2025-09-16 11:21:50,38.48,20700,38.44,U
sh603301,振德医疗,2025-09-16 11:21:53,38.51,16300,38.48,U
sh603301,振德医疗,2025-09-16 11:21:59,38.52,10600,38.51,U
sh603301,振德医疗,2025-09-16 11:22:02,38.56,21600,38.52,U
sh603301,振德医疗,2025-09-16 11:22:08,38.59,6600,38.57,U
sh603301,振德医疗,2025-09-16 11:22:11,38.6,34400,38.59,U
sh603301,振德医疗,2025-09-16 11:22:23,38.7,5300,38.68,U
sh603301,振德医疗,2025-09-16 11:22:32,38.75,15000,38.76,D
sh603301,振德医疗,2025-09-16 11:22:35,38.76,8200,38.75,U
sh603301,振德医疗,2025-09-16 11:22:38,38.77,9000,38.76,U
sh603301,振德医疗,2025-09-16 11:22:41,38.7,18000,38.77,D
sh603301,振德医疗,2025-09-16 11:22:44,38.76,24700,38.7,U
sh603301,振德医疗,2025-09-16 11:23:02,38.75,15500,38.6,U
sh603301,振德医疗,2025-09-16 11:23:11,38.7,5200,38.75,D
sh603301,振德医疗,2025-09-16 11:23:32,38.69,6100,38.69,U
sh603301,振德医疗,2025-09-16 11:24:11,38.7,12000,38.62,U
sh603301,振德医疗,2025-09-16 11:24:35,38.74,8800,38.68,U
sh603301,振德医疗,2025-09-16 11:26:02,38.77,21800,38.75,U
sh603301,振德医疗,2025-09-16 11:26:08,38.77,8100,38.77,U
sh603301,振德医疗,2025-09-16 11:26:20,38.81,7100,38.8,U
sh603301,振德医疗,2025-09-16 11:26:29,38.67,36000,38.79,D
sh603301,振德医疗,2025-09-16 11:27:17,38.87,9600,38.87,U
sh603301,振德医疗,2025-09-16 11:27:20,38.87,10800,38.87,D
sh603301,振德医疗,2025-09-16 11:27:23,38.81,40900,38.87,D
sh603301,振德医疗,2025-09-16 11:27:53,38.69,15800,38.71,D
sh603301,振德医疗,2025-09-16 11:27:59,38.58,6300,38.69,D
sh603301,振德医疗,2025-09-16 11:28:17,38.58,13100,38.58,U
sh603301,振德医疗,2025-09-16 11:28:23,38.59,9600,38.58,U
sh603301,振德医疗,2025-09-16 11:29:05,38.69,7600,38.71,D
sh603301,振德医疗,2025-09-16 11:29:20,38.59,7000,38.6,D
sh603301,振德医疗,2025-09-16 13:00:05,38.51,7300,38.56,E
sh603301,振德医疗,2025-09-16 13:00:11,38.37,12400,38.52,D
sh603301,振德医疗,2025-09-16 13:00:29,38.66,7300,38.65,U
sh603301,振德医疗,2025-09-16 13:01:05,38.71,7300,38.68,U
sh603301,振德医疗,2025-09-16 13:01:23,38.72,18900,38.78,D
sh603301,振德医疗,2025-09-16 13:01:26,38.7,6600,38.72,D
sh603301,振德医疗,2025-09-16 13:01:29,38.69,24300,38.7,D
sh603301,振德医疗,2025-09-16 13:04:17,38.62,9600,38.58,U
sh603301,振德医疗,2025-09-16 13:04:29,38.58,26100,38.62,D
sh603301,振德医疗,2025-09-16 13:05:11,38.58,5200,38.57,U
sh603301,振德医疗,2025-09-16 13:07:11,38.58,6700,38.47,U
sh603301,振德医疗,2025-09-16 13:07:41,38.49,17800,38.49,D
sh603301,振德医疗,2025-09-16 13:08:50,38.5,31000,38.58,D
sh603301,振德医疗,2025-09-16 13:08:53,38.39,42600,38.5,D
sh603301,振德医疗,2025-09-16 13:10:56,38.42,8800,38.39,U
sh603301,振德医疗,2025-09-16 13:12:20,38.51,11600,38.53,D
sh603301,振德医疗,2025-09-16 13:13:26,38.68,5400,38.61,U
sh603301,振德医疗,2025-09-16 13:13:29,38.75,8200,38.68,U
sh603301,振德医疗,2025-09-16 13:13:47,38.89,34300,38.85,U
sh603301,振德医疗,2025-09-16 13:13:53,38.92,9200,38.9,U
sh603301,振德医疗,2025-09-16 13:14:02,38.92,12800,38.93,D
sh603301,振德医疗,2025-09-16 13:15:59,38.85,8200,38.87,D
sh603301,振德医疗,2025-09-16 13:16:41,38.8,7100,38.81,D
sh603301,振德医疗,2025-09-16 13:16:44,38.75,8900,38.8,D
sh603301,振德医疗,2025-09-16 13:17:23,38.73,5800,38.73,D
sh603301,振德医疗,2025-09-16 13:19:11,38.7,5600,38.7,U
sh603301,振德医疗,2025-09-16 13:19:44,38.8,7700,38.81,D
sh603301,振德医疗,2025-09-16 13:20:02,38.74,10600,38.8,D
sh603301,振德医疗,2025-09-16 13:20:47,38.81,11300,38.87,D
sh603301,振德医疗,2025-09-16 13:21:02,38.82,7700,38.82,D
sh603301,振德医疗,2025-09-16 13:21:08,38.7,42500,38.82,D
sh603301,振德医疗,2025-09-16 13:21:38,38.78,8000,38.68,U
sh603301,振德医疗,2025-09-16 13:22:17,38.71,8800,38.73,D
sh603301,振德医疗,2025-09-16 13:23:29,38.69,47600,38.7,D
sh603301,振德医疗,2025-09-16 13:26:11,38.67,6000,38.69,D
sh603301,振德医疗,2025-09-16 13:26:17,38.65,8700,38.7,D
sh603301,振德医疗,2025-09-16 13:27:44,38.62,5700,38.62,D
sh603301,振德医疗,2025-09-16 13:27:47,38.62,5600,38.62,D
sh603301,振德医疗,2025-09-16 13:27:50,38.71,6200,38.62,U
sh603301,振德医疗,2025-09-16 13:28:32,38.62,8700,38.62,D
sh603301,振德医疗,2025-09-16 13:28:56,38.56,28800,38.61,D
sh603301,振德医疗,2025-09-16 13:29:02,38.7,7900,38.61,U
sh603301,振德医疗,2025-09-16 13:29:26,38.75,8100,38.72,U
sh603301,振德医疗,2025-09-16 13:29:50,38.7,28000,38.75,D
sh603301,振德医疗,2025-09-16 13:30:11,38.7,5300,38.69,U
sh603301,振德医疗,2025-09-16 13:30:17,38.7,6700,38.66,U
sh603301,振德医疗,2025-09-16 13:31:11,38.89,27500,38.71,U
sh603301,振德医疗,2025-09-16 13:31:29,38.9,7900,38.87,U
sh603301,振德医疗,2025-09-16 13:31:50,38.96,8600,38.93,U
sh603301,振德医疗,2025-09-16 13:31:56,38.97,8500,38.93,U
sh603301,振德医疗,2025-09-16 13:32:08,38.93,12300,38.97,D
sh603301,振德医疗,2025-09-16 13:32:11,38.86,6500,38.93,D
sh603301,振德医疗,2025-09-16 13:32:29,38.89,5500,38.91,D
sh603301,振德医疗,2025-09-16 13:32:41,38.93,11900,38.91,U
sh603301,振德医疗,2025-09-16 13:32:50,39.0,26900,38.98,U
sh603301,振德医疗,2025-09-16 13:32:53,39.0,9300,39.0,U
sh603301,振德医疗,2025-09-16 13:32:59,39.0,8400,39.0,U
sh603301,振德医疗,2025-09-16 13:33:05,39.13,74400,39.0,U
sh603301,振德医疗,2025-09-16 13:33:08,39.14,7600,39.13,U
sh603301,振德医疗,2025-09-16 13:33:14,39.19,17400,39.18,U
sh603301,振德医疗,2025-09-16 13:33:17,39.2,12200,39.19,U
sh603301,振德医疗,2025-09-16 13:33:23,39.16,27300,39.23,D
sh603301,振德医疗,2025-09-16 13:33:26,39.16,6500,39.16,E
sh603301,振德医疗,2025-09-16 13:33:29,39.15,6400,39.16,E
sh603301,振德医疗,2025-09-16 13:33:32,39.15,9700,39.15,U
sh603301,振德医疗,2025-09-16 13:34:11,39.19,6600,39.15,U
sh603301,振德医疗,2025-09-16 13:34:14,39.19,32600,39.19,U
sh603301,振德医疗,2025-09-16 13:34:17,39.25,5400,39.19,U
sh603301,振德医疗,2025-09-16 13:34:23,39.19,5700,39.25,D
sh603301,振德医疗,2025-09-16 13:34:26,39.18,13100,39.19,D
sh603301,振德医疗,2025-09-16 13:34:32,39.16,8000,39.16,U
sh603301,振德医疗,2025-09-16 13:34:35,39.01,28200,39.16,D
sh603301,振德医疗,2025-09-16 13:34:38,39.01,5400,39.01,U
sh603301,振德医疗,2025-09-16 13:34:44,39.0,14700,39.13,D
sh603301,振德医疗,2025-09-16 13:35:20,39.17,8300,39.16,U
sh603301,振德医疗,2025-09-16 13:35:29,39.13,16600,39.17,D
sh603301,振德医疗,2025-09-16 13:36:05,39.19,6100,39.2,D
sh603301,振德医疗,2025-09-16 13:36:08,39.19,6500,39.19,D
sh603301,振德医疗,2025-09-16 13:36:11,39.19,8100,39.19,D
sh603301,振德医疗,2025-09-16 13:36:23,39.21,7700,39.18,U
sh603301,振德医疗,2025-09-16 13:36:26,39.2,16000,39.21,D
sh603301,振德医疗,2025-09-16 13:36:47,39.16,6900,39.18,D
sh603301,振德医疗,2025-09-16 13:36:53,39.2,14900,39.16,U
sh603301,振德医疗,2025-09-16 13:36:56,39.2,5400,39.2,U
sh603301,振德医疗,2025-09-16 13:37:05,39.23,7200,39.2,U
sh603301,振德医疗,2025-09-16 13:37:11,39.25,10100,39.23,U
sh603301,振德医疗,2025-09-16 13:37:14,39.18,9200,39.25,D
sh603301,振德医疗,2025-09-16 13:37:17,39.25,20400,39.18,U
sh603301,振德医疗,2025-09-16 13:37:23,39.25,5300,39.25,U
sh603301,振德医疗,2025-09-16 13:37:29,39.28,23200,39.28,U
sh603301,振德医疗,2025-09-16 13:37:35,39.26,12500,39.29,D
sh603301,振德医疗,2025-09-16 13:37:41,39.26,7000,39.25,U
sh603301,振德医疗,2025-09-16 13:37:44,39.19,25200,39.26,D
sh603301,振德医疗,2025-09-16 13:37:56,39.25,11400,39.25,U
sh603301,振德医疗,2025-09-16 13:37:59,39.19,86000,39.25,D
sh603301,振德医疗,2025-09-16 13:38:02,39.18,90500,39.19,D
sh603301,振德医疗,2025-09-16 13:38:05,39.18,43000,39.18,D
sh603301,振德医疗,2025-09-16 13:38:14,39.16,7100,39.16,D
sh603301,振德医疗,2025-09-16 13:38:17,39.16,8700,39.16,U
sh603301,振德医疗,2025-09-16 13:38:47,39.14,5500,39.15,D
sh603301,振德医疗,2025-09-16 13:38:56,39.03,6700,39.07,D
sh603301,振德医疗,2025-09-16 13:39:02,38.98,17700,39.02,D
sh603301,振德医疗,2025-09-16 13:39:29,38.95,7000,38.97,D
sh603301,振德医疗,2025-09-16 13:39:53,38.96,7822,38.95,U
sh603301,振德医疗,2025-09-16 13:40:02,38.93,9778,38.99,D
sh603301,振德医疗,2025-09-16 13:40:05,38.9,9400,38.93,D
sh603301,振德医疗,2025-09-16 13:40:11,38.83,5500,38.9,E
sh603301,振德医疗,2025-09-16 13:40:26,38.82,7300,38.83,D
sh603301,振德医疗,2025-09-16 13:41:41,38.85,5700,38.83,U
sh603301,振德医疗,2025-09-16 13:42:29,38.81,15800,38.82,D
sh603301,振德医疗,2025-09-16 13:43:29,38.75,18200,38.82,D
sh603301,振德医疗,2025-09-16 13:44:17,38.69,8000,38.72,D
sh603301,振德医疗,2025-09-16 13:46:02,38.74,6800,38.78,D
sh603301,振德医疗,2025-09-16 13:47:32,38.74,5200,38.73,U
sh603301,振德医疗,2025-09-16 13:48:41,38.77,7700,38.78,D
sh603301,振德医疗,2025-09-16 13:48:53,38.88,7900,38.87,U
sh603301,振德医疗,2025-09-16 13:51:59,38.69,33798,38.71,D
sh603301,振德医疗,2025-09-16 13:52:14,38.62,5300,38.66,D
sh603301,振德医疗,2025-09-16 13:52:59,38.51,7300,38.61,D
sh603301,振德医疗,2025-09-16 13:53:02,38.58,6100,38.51,U
sh603301,振德医疗,2025-09-16 13:53:05,38.61,6600,38.58,U
sh603301,振德医疗,2025-09-16 13:53:17,38.57,17800,38.66,D
sh603301,振德医疗,2025-09-16 13:53:44,38.64,15000,38.6,U
sh603301,振德医疗,2025-09-16 13:55:35,38.61,5400,38.6,U
sh603301,振德医疗,2025-09-16 13:55:47,38.59,8800,38.61,D
sh603301,振德医疗,2025-09-16 13:57:20,38.66,7000,38.69,D
sh603301,振德医疗,2025-09-16 13:57:23,38.63,10600,38.66,D
sh603301,振德医疗,2025-09-16 13:58:05,38.68,7300,38.61,U
sh603301,振德医疗,2025-09-16 13:59:53,38.6,8400,38.62,D
sh603301,振德医疗,2025-09-16 14:00:47,38.62,32500,38.66,D
sh603301,振德医疗,2025-09-16 14:01:05,38.58,7100,38.61,D
sh603301,振德医疗,2025-09-16 14:01:14,38.54,13500,38.56,D
sh603301,振德医疗,2025-09-16 14:01:17,38.54,14600,38.54,U
sh603301,振德医疗,2025-09-16 14:02:05,38.62,5400,38.6,U
sh603301,振德医疗,2025-09-16 14:02:56,38.65,5500,38.64,U
sh603301,振德医疗,2025-09-16 14:04:05,38.68,6000,38.64,U
sh603301,振德医疗,2025-09-16 14:05:29,38.82,7800,38.75,U
sh603301,振德医疗,2025-09-16 14:07:11,38.81,23800,38.86,D
sh603301,振德医疗,2025-09-16 14:07:50,38.79,5300,38.79,U
sh603301,振德医疗,2025-09-16 14:07:56,38.75,36700,38.78,D
sh603301,振德医疗,2025-09-16 14:07:59,38.68,33100,38.75,D
sh603301,振德医疗,2025-09-16 14:08:02,38.83,7100,38.68,U
sh603301,振德医疗,2025-09-16 14:08:05,38.88,7800,38.83,U
sh603301,振德医疗,2025-09-16 14:08:44,38.88,6600,38.89,D
sh603301,振德医疗,2025-09-16 14:08:50,39.0,12000,38.88,U
sh603301,振德医疗,2025-09-16 14:11:02,38.87,5300,38.85,U
sh603301,振德医疗,2025-09-16 14:11:53,38.92,17400,38.91,U
sh603301,振德医疗,2025-09-16 14:12:02,38.87,12600,38.91,D
sh603301,振德医疗,2025-09-16 14:12:53,38.91,5800,38.9,U
sh603301,振德医疗,2025-09-16 14:13:11,38.89,11300,38.88,U
sh603301,振德医疗,2025-09-16 14:13:17,38.85,34600,38.88,D
sh603301,振德医疗,2025-09-16 14:13:20,38.82,8800,38.85,D
sh603301,振德医疗,2025-09-16 14:13:23,38.89,33000,38.82,U
sh603301,振德医疗,2025-09-16 14:14:17,39.02,23300,38.96,U
sh603301,振德医疗,2025-09-16 14:14:32,39.12,7000,39.05,U
sh603301,振德医疗,2025-09-16 14:14:44,39.07,6200,39.1,E
sh603301,振德医疗,2025-09-16 14:14:50,39.07,10200,39.1,D
sh603301,振德医疗,2025-09-16 14:14:59,39.1,5700,39.09,U
sh603301,振德医疗,2025-09-16 14:15:14,39.14,6200,39.12,U
sh603301,振德医疗,2025-09-16 14:15:20,39.15,10700,39.13,U
sh603301,振德医疗,2025-09-16 14:15:29,39.15,23909,39.11,U
sh603301,振德医疗,2025-09-16 14:15:35,39.16,9791,39.16,U
sh603301,振德医疗,2025-09-16 14:16:02,39.09,11700,39.11,D
sh603301,振德医疗,2025-09-16 14:16:47,38.97,5600,38.97,D
sh603301,振德医疗,2025-09-16 14:16:56,39.01,7700,38.97,U
sh603301,振德医疗,2025-09-16 14:17:26,39.15,9200,39.16,D
sh603301,振德医疗,2025-09-16 14:17:29,39.16,14700,39.15,U
sh603301,振德医疗,2025-09-16 14:17:38,39.14,7300,39.16,D
sh603301,振德医疗,2025-09-16 14:17:53,39.18,9700,39.14,U
sh603301,振德医疗,2025-09-16 14:18:05,39.18,8200,39.19,E
sh603301,振德医疗,2025-09-16 14:18:14,39.15,10000,39.17,D
sh603301,振德医疗,2025-09-16 14:18:17,39.17,6900,39.15,U
sh603301,振德医疗,2025-09-16 14:18:26,39.19,6600,39.16,U
sh603301,振德医疗,2025-09-16 14:18:35,39.17,10100,39.18,D
sh603301,振德医疗,2025-09-16 14:19:38,39.11,9700,39.13,D
sh603301,振德医疗,2025-09-16 14:20:26,39.06,5400,39.04,U
sh603301,振德医疗,2025-09-16 14:21:02,39.05,5600,39.06,D
sh603301,振德医疗,2025-09-16 14:22:20,39.04,11800,38.98,U
sh603301,振德医疗,2025-09-16 14:22:32,39.1,12600,39.04,U
sh603301,振德医疗,2025-09-16 14:22:47,39.07,5700,39.07,U
sh603301,振德医疗,2025-09-16 14:23:08,39.08,11200,39.05,U
sh603301,振德医疗,2025-09-16 14:23:47,38.97,6800,39.0,D
sh603301,振德医疗,2025-09-16 14:23:50,38.92,13100,38.97,D
sh603301,振德医疗,2025-09-16 14:23:59,38.91,7700,38.94,D
sh603301,振德医疗,2025-09-16 14:24:14,38.98,18500,38.95,U
sh603301,振德医疗,2025-09-16 14:24:20,38.96,5500,39.0,D
sh603301,振德医疗,2025-09-16 14:25:05,38.91,7600,38.95,D
sh603301,振德医疗,2025-09-16 14:25:08,38.98,8500,38.91,U
sh603301,振德医疗,2025-09-16 14:25:35,38.93,6300,38.95,D
sh603301,振德医疗,2025-09-16 14:25:38,38.93,8300,38.93,U
sh603301,振德医疗,2025-09-16 14:25:44,38.9,10900,38.93,D
sh603301,振德医疗,2025-09-16 14:26:02,38.91,9600,38.9,U
sh603301,振德医疗,2025-09-16 14:26:05,38.88,12700,38.91,D
sh603301,振德医疗,2025-09-16 14:26:08,38.91,5700,38.88,U
sh603301,振德医疗,2025-09-16 14:26:14,38.86,34800,38.91,D
sh603301,振德医疗,2025-09-16 14:26:26,38.81,8000,38.84,D
sh603301,振德医疗,2025-09-16 14:26:38,38.91,13200,38.89,U
sh603301,振德医疗,2025-09-16 14:26:53,38.84,7400,38.85,D
sh603301,振德医疗,2025-09-16 14:27:08,38.9,9900,38.86,U
sh603301,振德医疗,2025-09-16 14:27:29,38.86,6500,38.86,U
sh603301,振德医疗,2025-09-16 14:27:38,38.84,15300,38.86,D
sh603301,振德医疗,2025-09-16 14:27:41,38.82,26300,38.84,D
sh603301,振德医疗,2025-09-16 14:27:44,38.79,18100,38.82,D
sh603301,振德医疗,2025-09-16 14:27:53,38.84,11500,38.74,U
sh603301,振德医疗,2025-09-16 14:28:02,38.87,9300,38.78,U
sh603301,振德医疗,2025-09-16 14:28:05,38.89,5500,38.87,U
sh603301,振德医疗,2025-09-16 14:28:08,38.87,9900,38.89,E
sh603301,振德医疗,2025-09-16 14:28:23,38.74,10100,38.79,D
sh603301,振德医疗,2025-09-16 14:29:14,38.64,25500,38.67,D
sh603301,振德医疗,2025-09-16 14:29:23,38.6,6300,38.61,D
sh603301,振德医疗,2025-09-16 14:29:32,38.6,13200,38.56,U
sh603301,振德医疗,2025-09-16 14:29:38,38.6,9700,38.63,D
sh603301,振德医疗,2025-09-16 14:29:53,38.7,10400,38.69,U
sh603301,振德医疗,2025-09-16 14:30:02,38.69,7400,38.69,D
sh603301,振德医疗,2025-09-16 14:30:08,38.6,9000,38.7,D
sh603301,振德医疗,2025-09-16 14:30:23,38.61,9200,38.68,D
sh603301,振德医疗,2025-09-16 14:30:38,38.59,7700,38.61,D
sh603301,振德医疗,2025-09-16 14:30:50,38.57,5200,38.57,D
sh603301,振德医疗,2025-09-16 14:30:53,38.55,7900,38.57,D
sh603301,振德医疗,2025-09-16 14:31:02,38.54,7000,38.54,U
sh603301,振德医疗,2025-09-16 14:31:08,38.51,9400,38.54,D
sh603301,振德医疗,2025-09-16 14:31:29,38.5,15600,38.52,D
sh603301,振德医疗,2025-09-16 14:31:38,38.47,9500,38.48,D
sh603301,振德医疗,2025-09-16 14:31:44,38.48,14200,38.48,U
sh603301,振德医疗,2025-09-16 14:31:47,38.47,8300,38.48,U
sh603301,振德医疗,2025-09-16 14:31:53,38.45,5600,38.46,D
sh603301,振德医疗,2025-09-16 14:31:59,38.47,21900,38.44,U
sh603301,振德医疗,2025-09-16 14:32:02,38.61,29300,38.47,U
sh603301,振德医疗,2025-09-16 14:32:05,38.55,7800,38.61,E
sh603301,振德医疗,2025-09-16 14:32:08,38.54,11600,38.55,D
sh603301,振德医疗,2025-09-16 14:32:14,38.61,7800,38.5,U
sh603301,振德医疗,2025-09-16 14:32:29,38.62,7900,38.61,U
sh603301,振德医疗,2025-09-16 14:32:32,38.62,8500,38.62,U
sh603301,振德医疗,2025-09-16 14:32:38,38.59,9000,38.62,D
sh603301,振德医疗,2025-09-16 14:32:41,38.62,35300,38.59,D
sh603301,振德医疗,2025-09-16 14:32:53,38.6,8300,38.62,D
sh603301,振德医疗,2025-09-16 14:33:02,38.62,12200,38.61,U
sh603301,振德医疗,2025-09-16 14:33:05,38.67,8400,38.62,U
sh603301,振德医疗,2025-09-16 14:33:08,38.68,10700,38.67,U
sh603301,振德医疗,2025-09-16 14:33:38,38.78,9400,38.78,D
sh603301,振德医疗,2025-09-16 14:33:53,38.87,17400,38.86,U
sh603301,振德医疗,2025-09-16 14:34:08,38.89,13100,38.94,D
sh603301,振德医疗,2025-09-16 14:34:23,38.9,37100,38.95,D
sh603301,振德医疗,2025-09-16 14:34:38,38.9,15600,38.88,U
sh603301,振德医疗,2025-09-16 14:34:53,38.89,9800,38.89,D
sh603301,振德医疗,2025-09-16 14:34:56,38.89,8900,38.89,D
sh603301,振德医疗,2025-09-16 14:35:08,38.88,5300,38.89,D
sh603301,振德医疗,2025-09-16 14:35:23,38.88,9600,38.89,D
sh603301,振德医疗,2025-09-16 14:35:29,38.87,6000,38.88,D
sh603301,振德医疗,2025-09-16 14:35:32,38.89,5500,38.87,U
sh603301,振德医疗,2025-09-16 14:35:38,38.91,10600,38.9,U
sh603301,振德医疗,2025-09-16 14:35:56,38.92,6500,38.92,D
sh603301,振德医疗,2025-09-16 14:36:08,38.94,11800,38.96,D
sh603301,振德医疗,2025-09-16 14:36:23,38.94,24900,38.98,D
sh603301,振德医疗,2025-09-16 14:36:38,38.89,8900,38.96,D
sh603301,振德医疗,2025-09-16 14:36:53,38.86,15100,38.9,D
sh603301,振德医疗,2025-09-16 14:37:05,38.87,7800,38.86,U
sh603301,振德医疗,2025-09-16 14:37:38,38.79,13400,38.8,D
sh603301,振德医疗,2025-09-16 14:37:53,38.78,10300,38.79,D
sh603301,振德医疗,2025-09-16 14:37:59,38.79,7000,38.79,D
sh603301,振德医疗,2025-09-16 14:38:05,38.82,5600,38.8,U
sh603301,振德医疗,2025-09-16 14:38:08,38.78,9700,38.82,D
sh603301,振德医疗,2025-09-16 14:38:23,38.81,6900,38.82,D
sh603301,振德医疗,2025-09-16 14:38:32,38.8,8820,38.81,D
sh603301,振德医疗,2025-09-16 14:38:38,38.78,11080,38.82,D
sh603301,振德医疗,2025-09-16 14:38:50,38.8,7920,38.76,U
sh603301,振德医疗,2025-09-16 14:38:53,38.8,11900,38.8,D
sh603301,振德医疗,2025-09-16 14:38:56,38.86,6300,38.8,U
sh603301,振德医疗,2025-09-16 14:38:59,38.85,12680,38.86,E
sh603301,振德医疗,2025-09-16 14:39:05,38.89,10000,38.86,U
sh603301,振德医疗,2025-09-16 14:39:08,38.86,12200,38.89,D
sh603301,振德医疗,2025-09-16 14:39:38,38.76,10800,38.77,D
sh603301,振德医疗,2025-09-16 14:39:53,38.79,9600,38.79,D
sh603301,振德医疗,2025-09-16 14:40:20,38.79,9900,38.81,D
sh603301,振德医疗,2025-09-16 14:40:23,38.82,12500,38.79,U
sh603301,振德医疗,2025-09-16 14:40:26,38.79,6300,38.82,D
sh603301,振德医疗,2025-09-16 14:40:38,38.8,9100,38.82,D
sh603301,振德医疗,2025-09-16 14:40:53,38.79,10700,38.8,D
sh603301,振德医疗,2025-09-16 14:40:56,38.79,5400,38.79,D
sh603301,振德医疗,2025-09-16 14:41:02,38.82,5700,38.79,U
sh603301,振德医疗,2025-09-16 14:41:05,38.88,7300,38.82,U
sh603301,振德医疗,2025-09-16 14:41:08,38.82,12300,38.88,D
sh603301,振德医疗,2025-09-16 14:41:53,38.76,9000,38.77,D
sh603301,振德医疗,2025-09-16 14:42:08,38.76,9000,38.77,D
sh603301,振德医疗,2025-09-16 14:42:23,38.82,10200,38.82,D
sh603301,振德医疗,2025-09-16 14:42:38,38.84,9200,38.82,E
sh603301,振德医疗,2025-09-16 14:42:53,38.8,9500,38.81,D
sh603301,振德医疗,2025-09-16 14:43:02,38.81,8900,38.8,U
sh603301,振德医疗,2025-09-16 14:43:05,38.8,6600,38.81,D
sh603301,振德医疗,2025-09-16 14:43:08,38.79,9000,38.8,D
sh603301,振德医疗,2025-09-16 14:43:23,38.8,9500,38.83,D
sh603301,振德医疗,2025-09-16 14:43:26,38.8,7200,38.8,D
sh603301,振德医疗,2025-09-16 14:43:32,38.79,12000,38.8,D
sh603301,振德医疗,2025-09-16 14:43:38,38.8,10900,38.8,U
sh603301,振德医疗,2025-09-16 14:43:53,38.8,5700,38.81,D
sh603301,振德医疗,2025-09-16 14:44:11,38.81,6800,38.81,U
sh603301,振德医疗,2025-09-16 14:44:38,38.81,9500,38.82,D
sh603301,振德医疗,2025-09-16 14:44:53,38.82,23800,38.81,U
sh603301,振德医疗,2025-09-16 14:44:56,38.85,5200,38.82,U
sh603301,振德医疗,2025-09-16 14:44:59,38.87,7300,38.85,U
sh603301,振德医疗,2025-09-16 14:45:05,38.87,10500,38.87,U
sh603301,振德医疗,2025-09-16 14:45:08,38.84,8600,38.87,D
sh603301,振德医疗,2025-09-16 14:45:23,38.84,10600,38.85,D
sh603301,振德医疗,2025-09-16 14:45:35,38.99,22000,38.88,U
sh603301,振德医疗,2025-09-16 14:45:38,38.94,13700,38.99,U
sh603301,振德医疗,2025-09-16 14:45:44,38.95,5800,38.94,U
sh603301,振德医疗,2025-09-16 14:45:47,38.95,5500,38.95,U
sh603301,振德医疗,2025-09-16 14:45:56,38.93,13300,38.93,U
sh603301,振德医疗,2025-09-16 14:46:05,38.89,13400,38.93,D
sh603301,振德医疗,2025-09-16 14:46:08,38.88,12800,38.89,D
sh603301,振德医疗,2025-09-16 14:46:11,38.95,10000,38.88,U
sh603301,振德医疗,2025-09-16 14:46:23,38.93,9900,38.96,D
sh603301,振德医疗,2025-09-16 14:46:38,38.92,6700,38.95,D
sh603301,振德医疗,2025-09-16 14:46:47,38.98,15000,38.92,U
sh603301,振德医疗,2025-09-16 14:46:53,38.93,6200,38.96,D
sh603301,振德医疗,2025-09-16 14:46:59,38.95,9000,38.93,U
sh603301,振德医疗,2025-09-16 14:47:08,38.92,8900,38.95,D
sh603301,振德医疗,2025-09-16 14:47:23,38.92,6000,38.92,U
sh603301,振德医疗,2025-09-16 14:47:29,38.9,5700,38.9,D
sh603301,振德医疗,2025-09-16 14:47:32,38.91,9500,38.9,U
sh603301,振德医疗,2025-09-16 14:47:38,38.9,10600,38.91,D
sh603301,振德医疗,2025-09-16 14:47:53,38.9,9100,38.92,D
sh603301,振德医疗,2025-09-16 14:48:08,38.9,9400,38.9,D
sh603301,振德医疗,2025-09-16 14:48:14,38.9,5500,38.9,D
sh603301,振德医疗,2025-09-16 14:48:20,38.9,6000,38.9,D
sh603301,振德医疗,2025-09-16 14:48:35,38.89,6500,38.88,U
sh603301,振德医疗,2025-09-16 14:48:38,38.88,14600,38.89,D
sh603301,振德医疗,2025-09-16 14:48:41,38.88,7500,38.88,D
sh603301,振德医疗,2025-09-16 14:48:53,38.89,11000,38.88,U
sh603301,振德医疗,2025-09-16 14:48:56,38.89,7100,38.89,U
sh603301,振德医疗,2025-09-16 14:49:08,38.9,10900,38.9,U
sh603301,振德医疗,2025-09-16 14:49:17,38.91,8800,38.9,U
sh603301,振德医疗,2025-09-16 14:49:23,38.89,7100,38.92,D
sh603301,振德医疗,2025-09-16 14:49:26,38.9,8300,38.89,U
sh603301,振德医疗,2025-09-16 14:49:53,38.89,10600,38.9,D
sh603301,振德医疗,2025-09-16 14:50:05,38.9,6000,38.9,D
sh603301,振德医疗,2025-09-16 14:50:08,38.88,16100,38.9,D
sh603301,振德医疗,2025-09-16 14:50:11,38.88,19100,38.88,D
sh603301,振德医疗,2025-09-16 14:50:14,38.88,5900,38.88,D
sh603301,振德医疗,2025-09-16 14:50:23,38.88,10100,38.9,D
sh603301,振德医疗,2025-09-16 14:50:35,38.9,7600,38.91,D
sh603301,振德医疗,2025-09-16 14:50:38,38.89,6900,38.9,D
sh603301,振德医疗,2025-09-16 14:50:47,38.92,5400,38.9,U
sh603301,振德医疗,2025-09-16 14:50:53,38.89,10100,38.92,D
sh603301,振德医疗,2025-09-16 14:50:56,38.9,14600,38.89,U
sh603301,振德医疗,2025-09-16 14:50:59,38.89,5400,38.9,D
sh603301,振德医疗,2025-09-16 14:51:02,38.88,13200,38.89,D
sh603301,振德医疗,2025-09-16 14:51:08,38.88,32700,38.88,D
sh603301,振德医疗,2025-09-16 14:51:11,38.82,35300,38.88,D
sh603301,振德医疗,2025-09-16 14:51:23,38.82,10500,38.82,D
sh603301,振德医疗,2025-09-16 14:51:35,38.84,7800,38.83,U
sh603301,振德医疗,2025-09-16 14:51:38,38.82,6600,38.84,D
sh603301,振德医疗,2025-09-16 14:51:41,38.82,5600,38.82,D
sh603301,振德医疗,2025-09-16 14:51:47,38.8,7300,38.81,D
sh603301,振德医疗,2025-09-16 14:51:50,38.78,20300,38.8,D
sh603301,振德医疗,2025-09-16 14:51:53,38.72,6800,38.78,D
sh603301,振德医疗,2025-09-16 14:51:56,38.72,8900,38.72,U
sh603301,振德医疗,2025-09-16 14:52:02,38.82,8900,38.75,U
sh603301,振德医疗,2025-09-16 14:52:08,38.82,14100,38.84,D
sh603301,振德医疗,2025-09-16 14:52:11,38.88,10600,38.82,U
sh603301,振德医疗,2025-09-16 14:52:20,38.88,15700,38.88,U
sh603301,振德医疗,2025-09-16 14:52:23,38.85,9500,38.88,D
sh603301,振德医疗,2025-09-16 14:52:26,38.87,12600,38.85,U
sh603301,振德医疗,2025-09-16 14:52:38,38.83,9600,38.87,D
sh603301,振德医疗,2025-09-16 14:52:41,38.86,8600,38.83,E
sh603301,振德医疗,2025-09-16 14:52:44,38.88,16200,38.86,U
sh603301,振德医疗,2025-09-16 14:52:47,38.88,9600,38.88,D
sh603301,振德医疗,2025-09-16 14:52:53,38.87,11600,38.89,D
sh603301,振德医疗,2025-09-16 14:53:02,38.87,5300,38.88,D
sh603301,振德医疗,2025-09-16 14:53:05,38.88,11700,38.87,U
sh603301,振德医疗,2025-09-16 14:53:08,38.88,12100,38.88,D
sh603301,振德医疗,2025-09-16 14:53:11,38.88,8700,38.88,D
sh603301,振德医疗,2025-09-16 14:53:14,38.89,8200,38.88,U
sh603301,振德医疗,2025-09-16 14:53:20,38.88,14200,38.89,D
sh603301,振德医疗,2025-09-16 14:53:32,38.86,5848,38.86,U
sh603301,振德医疗,2025-09-16 14:53:38,38.88,14400,38.86,U
sh603301,振德医疗,2025-09-16 14:53:41,38.88,19700,38.88,U
sh603301,振德医疗,2025-09-16 14:53:53,38.88,10900,38.87,U
sh603301,振德医疗,2025-09-16 14:53:56,38.89,8100,38.88,U
sh603301,振德医疗,2025-09-16 14:54:02,38.9,5700,38.89,U
sh603301,振德医疗,2025-09-16 14:54:08,38.89,21300,38.89,U
sh603301,振德医疗,2025-09-16 14:54:11,38.86,26600,38.89,D
sh603301,振德医疗,2025-09-16 14:54:14,38.88,6000,38.86,U
sh603301,振德医疗,2025-09-16 14:54:17,38.82,51952,38.88,D
sh603301,振德医疗,2025-09-16 14:54:20,38.82,10048,38.82,D
sh603301,振德医疗,2025-09-16 14:54:23,38.82,9000,38.82,D
sh603301,振德医疗,2025-09-16 14:54:26,38.87,6900,38.82,E
sh603301,振德医疗,2025-09-16 14:54:32,38.88,23000,38.83,U
sh603301,振德医疗,2025-09-16 14:54:35,38.88,9200,38.88,D
sh603301,振德医疗,2025-09-16 14:54:38,38.89,15700,38.88,U
sh603301,振德医疗,2025-09-16 14:54:41,38.88,13600,38.89,D
sh603301,振德医疗,2025-09-16 14:54:44,38.89,10200,38.88,U
sh603301,振德医疗,2025-09-16 14:54:53,38.88,12300,38.88,D
sh603301,振德医疗,2025-09-16 14:54:56,38.89,7500,38.88,U
sh603301,振德医疗,2025-09-16 14:55:02,38.88,12000,38.88,D
sh603301,振德医疗,2025-09-16 14:55:08,38.88,6900,38.88,D
sh603301,振德医疗,2025-09-16 14:55:11,38.89,24400,38.88,U
sh603301,振德医疗,2025-09-16 14:55:14,38.9,9500,38.89,U
sh603301,振德医疗,2025-09-16 14:55:29,38.9,13700,38.9,D
sh603301,振德医疗,2025-09-16 14:55:35,38.92,6500,38.91,U
sh603301,振德医疗,2025-09-16 14:55:38,38.91,8500,38.92,D
sh603301,振德医疗,2025-09-16 14:55:41,38.91,7300,38.91,U
sh603301,振德医疗,2025-09-16 14:55:44,38.91,5800,38.91,D
sh603301,振德医疗,2025-09-16 14:55:47,38.91,11500,38.91,U
sh603301,振德医疗,2025-09-16 14:55:50,38.91,7900,38.91,U
sh603301,振德医疗,2025-09-16 14:55:53,38.89,6900,38.91,D
sh603301,振德医疗,2025-09-16 14:56:14,38.9,13500,38.9,U
sh603301,振德医疗,2025-09-16 14:56:20,38.91,5400,38.9,U
sh603301,振德医疗,2025-09-16 14:56:23,38.91,10400,38.91,U
sh603301,振德医疗,2025-09-16 14:56:26,38.9,66200,38.91,D
sh603301,振德医疗,2025-09-16 14:56:41,38.92,6500,38.92,U
sh603301,振德医疗,2025-09-16 14:56:44,38.92,29400,38.92,U
sh603301,振德医疗,2025-09-16 14:56:50,38.91,6800,38.91,U
sh603301,振德医疗,2025-09-16 14:56:56,38.91,6700,38.9,U
sh603301,振德医疗,2025-09-16 14:56:59,38.91,8200,38.91,U
sh603301,振德医疗,2025-09-16 15:00:03,39.0,190138,38.9,U
